Energy (E),Reflectivity (R),Transmittance (T),Energy_tilde (Etilde)
-10.0,1.6183013849624803,-0.6183013849624803,3.591409142295225
-9.981636060100167,1.6195851612939904,-0.6195851612939904,3.6097730821950584
-9.963272120200333,1.6208547661836556,-0.6208547661836556,3.628137022094892
-9.944908180300501,1.622110351084232,-0.6221103510842321,3.6465009619947235
-9.926544240400668,1.6233520643651362,-0.6233520643651362,3.664864901894557
-9.908180300500835,1.6245800505374448,-0.6245800505374448,3.6832288417943904
-9.889816360601001,1.6257944421404331,-0.6257944421404331,3.701592781694224
-9.871452420701168,1.6269953951215521,-0.6269953951215521,3.719956721594057
-9.853088480801336,1.628183062814564,-0.6281830628145639,3.738320661493889
-9.834724540901503,1.6293575536462657,-0.6293575536462657,3.7566846013937223
-9.81636060100167,1.6305190224495705,-0.6305190224495705,3.7750485412935557
-9.797996661101836,1.6316675744021363,-0.6316675744021363,3.793412481193389
-9.779632721202002,1.6328033490188858,-0.6328033490188858,3.8117764210932226
-9.76126878130217,1.6339264739601984,-0.6339264739601984,3.830140360993054
-9.742904841402337,1.6350370734852417,-0.6350370734852417,3.8485043008928876
-9.724540901502504,1.636135269377627,-0.636135269377627,3.866868240792721
-9.70617696160267,1.6372211810748494,-0.6372211810748494,3.8852321806925545
-9.687813021702839,1.638294925692952,-0.638294925692952,3.903596120592386
-9.669449081803005,1.6393566180440469,-0.6393566180440469,3.9219600604922196
-9.651085141903172,1.6404063706653842,-0.6404063706653842,3.940324000392053
-9.632721202003339,1.6414442938592921,-0.6414442938592921,3.9586879402918864
-9.614357262103505,1.6424704957201965,-0.6424704957201965,3.97705188019172
-9.595993322203674,1.6434850820074898,-0.6434850820074898,3.9954158200915515
-9.57762938230384,1.6444881548305168,-0.6444881548305168,4.013779759991385
-9.559265442404007,1.6454798000890962,-0.6454798000890962,4.032143699891218
-9.540901502504173,1.646460178633826,-0.646460178633826,4.050507639791052
-9.52253756260434,1.6474292953237757,-0.6474292953237757,4.068871579690885
-9.504173622704508,1.6483873422170003,-0.6483873422170003,4.087235519590717
-9.485809682804675,1.6493343764721513,-0.6493343764721513,4.10559945949055
-9.467445742904841,1.650270470063753,-0.6502704700637529,4.123963399390384
-9.449081803005008,1.6511957291666661,-0.6511957291666661,4.142327339290217
-9.430717863105176,1.652110245925484,-0.652110245925484,4.160691279190049
-9.412353923205343,1.6530141093639406,-0.6530141093639406,4.179055219089882
-9.39398998330551,1.6539074066118784,-0.6539074066118784,4.197419158989716
-9.375626043405676,1.6547902230696412,-0.6547902230696412,4.215783098889549
-9.357262103505843,1.6556626424253824,-0.6556626424253824,4.2341470387893825
-9.33889816360601,1.6565247466564357,-0.6565247466564357,4.252510978689214
-9.320534223706177,1.657376616038948,-0.657376616038948,4.2708749185890476
-9.302170283806344,1.658218329164957,-0.658218329164957,4.289238858488881
-9.28380634390651,1.659049962930605,-0.659049962930605,4.307602798388714
-9.265442404006677,1.6598715922769758,-0.6598715922769758,4.325966738288548
-9.247078464106846,1.6606832880581015,-0.6606832880581015,4.3443306781883795
-9.228714524207012,1.6614850975863986,-0.6614850975863986,4.362694618088213
-9.210350584307179,1.6622772597743545,-0.6622772597743545,4.381058557988046
-9.191986644407345,1.6630594628158386,-0.6630594628158386,4.39942249788788
-9.173622704507512,1.663832196402673,-0.663832196402673,4.417786437787713
-9.15525876460768,1.664595329672537,-0.6645953296725371,4.436150377687545
-9.136894824707847,1.6653489291058143,-0.6653489291058143,4.454514317587378
-9.118530884808013,1.6660930769895637,-0.6660930769895637,4.472878257487212
-9.10016694490818,1.6668278394311404,-0.6668278394311404,4.491242197387045
-9.081803005008346,1.66755327947505,-0.66755327947505,4.5096061372868785
-9.063439065108515,1.6682694586156888,-0.6682694586156888,4.52797007718671
-9.045075125208681,1.6689764369977398,-0.6689764369977398,4.546334017086544
-9.026711185308848,1.6696742734299965,-0.6696742734299965,4.564697956986377
-9.008347245409015,1.6703630253761639,-0.6703630253761639,4.5830618968862105
-8.989983305509181,1.671042748952848,-0.6710427489528481,4.601425836786044
-8.97161936560935,1.6717134989310858,-0.6717134989310858,4.6197897766858755
-8.953255425709516,1.6723753286834158,-0.6723753286834158,4.638153716585709
-8.934891485809683,1.6730282897246136,-0.6730282897246136,4.656517656485542
-8.91652754590985,1.673672428173205,-0.6736724281732049,4.674881596385376
-8.898163606010016,1.674307753479302,-0.674307753479302,4.693245536285209
-8.879799666110184,1.674934758771849,-0.674934758771849,4.711609476185041
-8.86143572621035,1.6755523465266624,-0.6755523465266624,4.729973416084874
-8.843071786310517,1.676161804934691,-0.6761618049346909,4.748337355984708
-8.824707846410684,1.6767626205962054,-0.6767626205962054,4.766701295884541
-8.806343906510852,1.6773548833499963,-0.6773548833499963,4.785065235784373
-8.787979966611019,1.6779386564857095,-0.6779386564857095,4.803429175684206
-8.769616026711185,1.6785139859678195,-0.6785139859678195,4.82179311558404
-8.751252086811352,1.6790809147168029,-0.6790809147168029,4.840157055483873
-8.732888146911518,1.6796394843012086,-0.6796394843012086,4.8585209953837065
-8.714524207011687,1.6801897351643993,-0.6801897351643993,4.876884935283538
-8.696160267111853,1.6807317066387202,-0.6807317066387202,4.895248875183372
-8.67779632721202,1.681265436933342,-0.681265436933342,4.913612815083205
-8.659432387312187,1.681790963128504,-0.681790963128504,4.9319767549830384
-8.641068447412355,1.6823083211654546,-0.6823083211654546,4.95034069488287
-8.622704507512521,1.6828175457338026,-0.6828175457338026,4.9687046347827035
-8.604340567612688,1.683318669452473,-0.6833186694524731,4.987068574682537
-8.585976627712855,1.6838117166070354,-0.6838117166070354,5.00543251458237
-8.567612687813021,1.6842966506529677,-0.6842966506529677,5.023796454482204
-8.54924874791319,1.6847745892883486,-0.6847745892883486,5.0421603943820354
-8.530884808013356,1.6852426597687489,-0.6852426597687489,5.060524334281869
-8.512520868113523,1.685703901822054,-0.6857039018220541,5.078888274181702
-8.49415692821369,1.6861571171253444,-0.6861571171253444,5.097252214081536
-8.475792988313856,1.6866024256689398,-0.6866024256689398,5.115616153981369
-8.457429048414024,1.6870398735111398,-0.6870398735111398,5.133980093881201
-8.43906510851419,1.6874694899739384,-0.6874694899739384,5.152344033781034
-8.420701168614357,1.6878913014525219,-0.6878913014525219,5.170707973680868
-8.402337228714524,1.6883053331087459,-0.6883053331087459,5.189071913580701
-8.38397328881469,1.6887116091050312,-0.6887116091050312,5.2074358534805345
-8.365609348914859,1.6891101526220886,-0.6891101526220886,5.225799793380366
-8.347245409015025,1.689500985850122,-0.689500985850122,5.2441637332802
-8.328881469115192,1.6898841299841585,-0.6898841299841585,5.262527673180033
-8.310517529215359,1.6902596051968006,-0.6902596051968006,5.280891613079866
-8.292153589315525,1.6906274304110784,-0.6906274304110784,5.2992555529797
-8.273789649415694,1.69098762174568,-0.6909876217456801,5.3176194928795315
-8.25542570951586,1.6913401803545458,-0.6913401803545458,5.335983432779365
-8.237061769616027,1.6916850066187037,-0.6916850066187037,5.354347372679198
-8.218697829716193,1.6920240795758672,-0.6920240795758672,5.372711312579032
-8.20033388981636,1.6923522591566689,-0.6923522591566689,5.391075252478865
-8.181969949916528,1.6926746968949395,-0.6926746968949395,5.409439192378697
-8.163606010016695,1.6929894700521537,-0.6929894700521537,5.42780313227853
-8.145242070116861,1.6932967030234223,-0.6932967030234223,5.446167072178364
-8.126878130217028,1.6935964247302528,-0.6935964247302528,5.464531012078197
-8.108514190317194,1.6938886497172414,-0.6938886497172414,5.482894951978031
-8.090150250417363,1.694173389872089,-0.694173389872089,5.501258891877862
-8.07178631051753,1.6944506559311883,-0.6944506559311883,5.519622831777696
-8.053422370617696,1.6947204576970827,-0.6947204576970827,5.537986771677529
-8.035058430717863,1.6949828040597408,-0.6949828040597408,5.5563507115773625
-8.01669449081803,1.6952377029938133,-0.6952377029938133,5.574714651477194
-7.9983305509181974,1.69548516155216,-0.69548516155216,5.593078591377028
-7.979966611018364,1.6957251857977047,-0.6957251857977047,5.611442531276861
-7.961602671118531,1.6959577803237136,-0.6959577803237136,5.629806471176694
-7.943238731218698,1.6961829450173205,-0.6961829450173205,5.648170411076527
-7.924874791318865,1.6964006486070837,-0.6964006486070837,5.66653435097636
-7.906510851419032,1.696610758579259,-0.6966107585792589,5.684898290876193
-7.888146911519199,1.696814967005935,-0.6968149670059349,5.703262230776026
-7.869782971619365,1.69700931794629,-0.69700931794629,5.72162617067586
-7.851419031719533,1.6971975344000443,-0.6971975344000443,5.739990110575692
-7.8330550918197,1.6973782318982107,-0.6973782318982107,5.758354050475525
-7.814691151919867,1.6975515049908063,-0.6975515049908063,5.776717990375358
-7.796327212020033,1.6977173651349555,-0.6977173651349555,5.795081930275192
-7.7779632721202,1.6978758128144813,-0.6978758128144813,5.813445870175025
-7.759599332220367,1.6980268462384343,-0.6980268462384343,5.831809810074858
-7.741235392320535,1.6981704625272156,-0.6981704625272156,5.85017374997469
-7.722871452420701,1.698306657892431,-0.6983066578924311,5.868537689874524
-7.704507512520868,1.6984354276585594,-0.6984354276585594,5.886901629774357
-7.6861435726210345,1.6985567662625998,-0.6985567662625998,5.9052655696741905
-7.667779632721202,1.6986706672321152,-0.6986706672321152,5.923629509574023
-7.6494156928213695,1.6987771230127733,-0.6987771230127733,5.9419934494738555
-7.631051752921536,1.6988761238797343,-0.6988761238797343,5.960357389373689
-7.612687813021703,1.6989676503494182,-0.6989676503494182,5.978721329273522
-7.59432387312187,1.699051608558612,-0.699051608558612,5.997085269173355
-7.575959933222037,1.6991285061760426,-0.6991285061760426,6.015449209073188
-7.557595993322204,1.6991972755728635,-0.6991972755728635,6.033813148973021
-7.539232053422371,1.6992589170492272,-0.6992589170492272,6.052177088872854
-7.520868113522537,1.6993130716950404,-0.6993130716950404,6.070541028772688
-7.502504173622705,1.6993596259004484,-0.6993596259004484,6.08890496867252
-7.484140233722872,1.6993986286458473,-0.6993986286458473,6.107268908572353
-7.465776293823039,1.699430073716246,-0.699430073716246,6.125632848472186
-7.447412353923205,1.6994539473491304,-0.6994539473491304,6.14399678837202
-7.429048414023372,1.6994702339020795,-0.6994702339020795,6.162360728271853
-7.410684474123539,1.6994789166797502,-0.6994789166797502,6.180724668171686
-7.392320534223707,1.6994799780640113,-0.6994799780640113,6.199088608071518
-7.373956594323873,1.6994733995298654,-0.6994733995298654,6.217452547971352
-7.35559265442404,1.6994591616369463,-0.6994591616369463,6.235816487871185
-7.3372287145242066,1.699437243957201,-0.699437243957201,6.2541804277710185
-7.318864774624374,1.6994076246329428,-0.6994076246329428,6.272544367670851
-7.3005008347245415,1.6993702776398685,-0.6993702776398685,6.2909083075706835
-7.282136894824708,1.699325152121722,-0.6993251521217221,6.309272247470517
-7.263772954924875,1.6992720146995202,-0.6992720146995202,6.32763618737035
-7.245409015025041,1.6992144921195727,-0.6992144921195727,6.346000127270184
-7.227045075125209,1.6991428574693002,-0.6991428574693002,6.364364067170016
-7.208681135225376,1.699066850910728,-0.6990668509107281,6.382728007069849
-7.190317195325543,1.6989827075303596,-0.6989827075303596,6.401091946969682
-7.171953255425709,1.6988906263203327,-0.6988906263203327,6.419455886869516
-7.153589315525877,1.6987906134962125,-0.6987906134962125,6.437819826769348
-7.135225375626043,1.698682644820967,-0.6986826448209671,6.456183766669182
-7.116861435726211,1.6985666912150477,-0.6985666912150477,6.474547706569014
-7.098497495826377,1.6984427220232228,-0.6984427220232228,6.492911646468848
-7.080133555926544,1.6983107055221836,-0.6983107055221836,6.511275586368681
-7.061769616026711,1.6981706089988178,-0.6981706089988178,6.529639526268514
-7.043405676126879,1.6980223987518623,-0.6980223987518623,6.548003466168346
-7.025041736227045,1.697866040053391,-0.6978660400533909,6.56636740606818
-7.006677796327212,1.697701496935592,-0.6977014969355919,6.584731345968013
-6.988313856427379,1.6975287309839158,-0.6975287309839158,6.603095285867846
-6.969949916527546,1.6973476933821805,-0.6973476933821805,6.621459225767679
-6.9515859766277135,1.6971582579973883,-0.6971582579973883,6.6398231656675115
-6.93322203672788,1.6969603220247367,-0.6969603220247367,6.658187105567345
-6.914858096828047,1.696755346387745,-0.696755346387745,6.676551045467178
-6.896494156928213,1.6965400560575448,-0.6965400560575448,6.694914985367012
-6.878130217028381,1.6963173155722262,-0.6963173155722262,6.713278925266844
-6.859766277128548,1.6960859202309049,-0.6960859202309049,6.731642865166677
-6.841402337228715,1.695845959513171,-0.695845959513171,6.75000680506651
-6.823038397328881,1.6955974049818658,-0.6955974049818658,6.768370744966344
-6.804674457429048,1.6953402132081237,-0.6953402132081237,6.786734684866177
-6.786310517529215,1.6950743376553663,-0.6950743376553663,6.80509862476601
-6.767946577629383,1.6947997303533398,-0.6947997303533398,6.823462564665842
-6.749582637729549,1.6945163421657465,-0.6945163421657465,6.841826504565676
-6.731218697829716,1.694224122820621,-0.694224122820621,6.860190444465509
-6.712854757929883,1.6939230208843794,-0.6939230208843794,6.878554384365342
-6.69449081803005,1.6936129836372695,-0.6936129836372695,6.896918324265175
-6.676126878130217,1.6932939564400449,-0.6932939564400449,6.915282264165008
-6.657762938230384,1.6929658789822803,-0.6929658789822803,6.933646204064841
-6.639398998330551,1.6926286571260984,-0.6926286571260984,6.952010143964674
-6.621035058430718,1.6922819322139548,-0.6922819322139548,6.970374083864507
-6.6026711185308855,1.6919308851068022,-0.6919308851068022,6.9887380237643395
-6.584307178631052,1.6915614702038662,-0.6915614702038662,7.007101963664173
-6.565943238731219,1.691187794808251,-0.691187794808251,7.025465903564006
-6.547579298831385,1.6908043085222568,-0.6908043085222568,7.04382984346384
-6.529215358931553,1.6904113024384764,-0.6904113024384764,7.062193783363672
-6.51085141903172,1.690008765161604,-0.690008765161604,7.080557723263505
-6.492487479131887,1.6895966385434351,-0.6895966385434351,7.098921663163338
-6.474123539232053,1.689174857260185,-0.689174857260185,7.117285603063172
-6.45575959933222,1.6887433537416692,-0.6887433537416692,7.135649542963005
-6.437395659432387,1.6883020589258806,-0.6883020589258806,7.154013482862838
-6.419031719532555,1.6878509023672466,-0.6878509023672466,7.17237742276267
-6.400667779632721,1.6873898122218358,-0.6873898122218358,7.190741362662504
-6.382303839732888,1.6869187151577287,-0.6869187151577287,7.209105302562337
-6.363939899833055,1.6864375359635684,-0.6864375359635684,7.22746924246217
-6.345575959933222,1.6859461954352608,-0.6859461954352608,7.245833182362003
-6.3272120200333895,1.6854445961192976,-0.6854445961192976,7.264197122261836
-6.308848080133556,1.6849324966963677,-0.6849324966963677,7.282561062161669
-6.290484140233723,1.6844102754967683,-0.6844102754967683,7.300925002061502
-6.27212020033389,1.6838775392521188,-0.6838775392521188,7.319288941961335
-6.2537562604340575,1.6833341616249913,-0.6833341616249913,7.3376528818611675
-6.235392320534224,1.6827803832895118,-0.6827803832895118,7.356016821761001
-6.217028380634391,1.6822157041988686,-0.6822157041988686,7.374380761660834
-6.198664440734557,1.6816401856145968,-0.6816401856145968,7.392744701560668
-6.180300500834725,1.681053756168197,-0.6810537561681971,7.4111086414605
-6.161936560934892,1.6804563276059357,-0.6804563276059357,7.429472581360333
-6.143572621035059,1.6798478077793653,-0.6798478077793653,7.447836521260166
-6.125208681135225,1.6792281024854598,-0.6792281024854598,7.46620046116
-6.106844741235392,1.6785971157455306,-0.6785971157455306,7.484564401059833
-6.088480801335559,1.6779547498127692,-0.6779547498127692,7.502928340959666
-6.070116861435727,1.6773009050952365,-0.6773009050952365,7.521292280859498
-6.051752921535893,1.676635479871424,-0.676635479871424,7.539656220759332
-6.03338898163606,1.6759583688947937,-0.6759583688947937,7.558020160659165
-6.0150250417362265,1.6752694547294489,-0.6752694547294489,7.5763841005589985
-5.996661101836394,1.6745685361841354,-0.6745685361841354,7.594748040458831
-5.9782971619365615,1.6738548926160532,-0.6738548926160532,7.6131119803586635
-5.959933222036728,1.6731356477551107,-0.6731356477551107,7.631475920258497
-5.941569282136895,1.6723933159430437,-0.6723933159430437,7.64983986015833
-5.923205342237062,1.6716442740823512,-0.6716442740823512,7.668203800058163
-5.904841402337229,1.6708823731458475,-0.6708823731458475,7.686567739957996
-5.886477462437396,1.6701078475199045,-0.6701078475199045,7.704931679857829
-5.868113522537563,1.6693206170345753,-0.6693206170345753,7.723295619757662
-5.849749582637729,1.668520564514536,-0.668520564514536,7.741659559657496
-5.831385642737897,1.6677075659108043,-0.6677075659108043,7.760023499557328
-5.813021702838063,1.6668814942098678,-0.6668814942098678,7.778387439457162
-5.794657762938231,1.6660422200209164,-0.6660422200209164,7.796751379356994
-5.776293823038397,1.6651896116244023,-0.6651896116244023,7.815115319256828
-5.757929883138565,1.6643235348976066,-0.6643235348976066,7.83347925915666
-5.739565943238731,1.6634438530726783,-0.6634438530726783,7.851843199056494
-5.721202003338898,1.6625504256675046,-0.6625504256675046,7.870207138956327
-5.702838063439065,1.6616431022621052,-0.6616431022621052,7.88857107885616
-5.684474123539232,1.660721674227386,-0.660721674227386,7.906935018755993
-5.6661101836393994,1.6597854289849923,-0.6597854289849923,7.925298958655826
-5.647746243739566,1.6588441643179364,-0.6588441643179364,7.943662898555659
-5.629382303839733,1.6578711356258211,-0.6578711356258211,7.962026838455492
-5.6110183639399,1.6568930182890564,-0.6568930182890564,7.980390778355325
-5.592654424040067,1.6558993680405956,-0.6558993680405956,7.998754718255158
-5.574290484140234,1.6548906790731557,-0.6548906790731557,8.017118658154992
-5.555926544240401,1.6538668675398764,-0.6538668675398764,8.035482598054823
-5.537562604340568,1.6528277780611185,-0.6528277780611185,8.053846537954657
-5.519198664440735,1.6517732437713109,-0.6517732437713109,8.07221047785449
-5.500834724540901,1.6507030934820761,-0.6507030934820761,8.090574417754324
-5.482470784641069,1.649617152722076,-0.649617152722076,8.108938357654157
-5.464106844741235,1.6485152438430475,-0.6485152438430475,8.127302297553989
-5.445742904841403,1.647397185939354,-0.6473971859393539,8.145666237453822
-5.427378964941569,1.6462627946095163,-0.6462627946095163,8.164030177353656
-5.409015025041736,1.6451118810107301,-0.6451118810107301,8.182394117253489
-5.390651085141903,1.6439442466287206,-0.6439442466287206,8.200758057153323
-5.37228714524207,1.642759644323172,-0.642759644323172,8.219121997053154
-5.353923205342237,1.6415573881739938,-0.6415573881739938,8.237485936952988
-5.335559265442404,1.640344276584637,-0.640344276584637,8.255849876852821
-5.3171953255425715,1.639101255662196,-0.639101255662196,8.274213816752653
-5.298831385642738,1.6378483249454023,-0.6378483249454023,8.292577756652488
-5.280467445742905,1.6365763683129606,-0.6365763683129606,8.31094169655232
-5.262103505843072,1.6352861149997957,-0.6352861149997957,8.329305636452153
-5.243739565943239,1.6339774735109014,-0.6339774735109014,8.347669576351986
-5.225375626043406,1.632650234794763,-0.6326502347947629,8.366033516251818
-5.207011686143573,1.6313041724860087,-0.6313041724860087,8.384397456151653
-5.18864774624374,1.6299390540315093,-0.6299390540315093,8.402761396051485
-5.170283806343907,1.6285546422385417,-0.6285546422385417,8.421125335951318
-5.151919866444073,1.6271506954334767,-0.6271506954334767,8.439489275851152
-5.133555926544241,1.6257269673598094,-0.6257269673598094,8.457853215750983
-5.115191986644407,1.6242832069080726,-0.6242832069080726,8.476217155650819
-5.096828046744575,1.6228191571526052,-0.6228191571526052,8.49458109555065
-5.078464106844741,1.621334550228844,-0.6213345502288441,8.512945035450484
-5.060100166944908,1.619829069718027,-0.6198290697180271,8.531308975350317
-5.041736227045075,1.618301958261118,-0.618301958261118,8.549672915250149
-5.023372287145242,1.6167579528534868,-0.6167579528534868,8.568036855149984
-5.005008347245409,1.615183389991898,-0.6151833899918979,8.586400795049816
-4.986644407345576,1.6135936127048236,-0.6135936127048236,8.604764734949649
-4.9682804674457435,1.611980169665686,-0.6119801696656859,8.623128674849482
-4.94991652754591,1.6103440130104214,-0.6103440130104214,8.641492614749314
-4.931552587646077,1.6086850132656274,-0.6086850132656274,8.65985655464915
-4.913188647746244,1.6070028812635324,-0.6070028812635324,8.678220494548981
-4.894824707846411,1.6052973048624617,-0.6052973048624617,8.696584434448814
-4.876460767946578,1.6035679632926472,-0.6035679632926472,8.714948374348648
-4.858096828046745,1.6018145290649,-0.6018145290649,8.73331231424848
-4.839732888146911,1.600036668133031,-0.6000366681330309,8.751676254148315
-4.821368948247079,1.5982340397367307,-0.5982340397367307,8.770040194048146
-4.803005008347245,1.596406296050796,-0.5964062960507961,8.78840413394798
-4.784641068447413,1.5945530810540574,-0.5945530810540574,8.806768073847813
-4.766277128547579,1.5926740246682596,-0.5926740246682596,8.825132013747645
-4.747913188647747,1.5907686990467855,-0.5907686990467855,8.843495953647478
-4.729549248747913,1.5888361335544348,-0.5888361335544348,8.861859893547312
-4.71118530884808,1.586882327079849,-0.5868823270798491,8.880223833447145
-4.692821368948247,1.5848896265569392,-0.5848896265569392,8.898587773346978
-4.674457429048414,1.582877868326404,-0.582877868326404,8.91695171324681
-4.6560934891485815,1.5808360258012666,-0.5808360258012666,8.935315653146644
-4.637729549248748,1.578765392009692,-0.578765392009692,8.953679593046477
-4.619365609348915,1.5766657281526808,-0.5766657281526808,8.97204353294631
-4.601001669449082,1.5745366202551876,-0.5745366202551876,8.990407472846144
-4.582637729549249,1.5723776273300192,-0.5723776273300192,9.008771412745975
-4.564273789649416,1.5701882963864102,-0.5701882963864102,9.027135352645809
-4.545909849749583,1.5679681643088899,-0.5679681643088899,9.045499292545642
-4.52754590984975,1.56571675791109,-0.56571675791109,9.063863232445474
-4.509181969949917,1.5634335936509005,-0.5634335936509005,9.08222717234531
-4.490818030050083,1.5611181771058733,-0.5611181771058733,9.10059111224514
-4.472454090150251,1.5587700014329569,-0.5587700014329569,9.118955052144974
-4.454090150250417,1.5563885394644517,-0.5563885394644517,9.137318992044808
-4.435726210350585,1.5539731815382807,-0.5539731815382807,9.15568293194464
-4.417362270450751,1.5515224649253714,-0.5515224649253714,9.174046871844475
-4.398998330550918,1.5490519905255073,-0.5490519905255073,9.192410811744306
-4.380634390651085,1.5465167983122734,-0.5465167983122734,9.21077475164414
-4.362270450751252,1.5439630894875263,-0.5439630894875263,9.229138691543973
-4.343906510851419,1.5413706672295393,-0.5413706672295393,9.247502631443805
-4.325542570951586,1.5387408397155264,-0.5387408397155264,9.26586657134364
-4.3071786310517535,1.5360731453620466,-0.5360731453620466,9.284230511243472
-4.28881469115192,1.5333669688149805,-0.5333669688149805,9.302594451143305
-4.270450751252087,1.5306216646507962,-0.5306216646507962,9.320958391043138
-4.252086811352254,1.5278365697436807,-0.5278365697436807,9.33932233094297
-4.233722871452421,1.5250110045595553,-0.5250110045595553,9.357686270842805
-4.215358931552588,1.5221442728880876,-0.5221442728880876,9.376050210742637
-4.196994991652755,1.5192356612433533,-0.5192356612433533,9.39441415064247
-4.178631051752921,1.5162844379411697,-0.5162844379411697,9.412778090542304
-4.160267111853089,1.5132898506078671,-0.5132898506078671,9.431142030442135
-4.141903171953255,1.5102511133999341,-0.5102511133999341,9.44950597034197
-4.123539232053423,1.5071672948279582,-0.5071672948279582,9.467869910241802
-4.105175292153589,1.5040356502429677,-0.5040356502429677,9.486233850141636
-4.086811352253757,1.5008903005953835,-0.5008903005953835,9.504597790041469
-4.068447412353923,1.4976371773003252,-0.4976371773003252,9.5229617299413
-4.05008347245409,1.4943671439052915,-0.49436714390529146,9.541325669841136
-4.031719532554257,1.4910464568832345,-0.49104645688323445,9.559689609740968
-4.013355592654424,1.4876755521380876,-0.48767555213808755,9.578053549640801
-3.9949916527545914,1.4842535807558095,-0.4842535807558095,9.596417489540634
-3.976627712854758,1.4807795788494638,-0.48077957884946376,9.614781429440466
-3.9582637729549255,1.4772525446029559,-0.47725254460295585,9.6331453693403
-3.939899833055092,1.4736714456695208,-0.4736714456695208,9.651509309240133
-3.9215358931552586,1.470035218947645,-0.4700352189476451,9.669873249139966
-3.903171953255426,1.466342769576748,-0.4663427695767479,9.6882371890398
-3.8848080133555927,1.4625929692643138,-0.4625929692643138,9.706601128939631
-3.86644407345576,1.458784654045898,-0.45878465404589797,9.724965068839465
-3.8480801335559267,1.4549166194483276,-0.4549166194483276,9.743329008739298
-3.8297161936560933,1.4509875943205344,-0.45098759432053437,9.761692948639132
-3.8113522537562607,1.4469959657429805,-0.4469959657429805,9.780056888538965
-3.7929883138564273,1.442934710956271,-0.4429347109562709,9.798420828438797
-3.774624373956595,1.438815139937334,-0.4388151399373339,9.81678476833863
-3.7562604340567614,1.434635209402744,-0.4346352094027439,9.835148708238464
-3.737896494156929,1.4303820943210939,-0.43038209432109387,9.853512648138295
-3.7195325542570954,1.4260590180408195,-0.42605901804081947,9.87187658803813
-3.701168614357262,1.4216650047376576,-0.42166500473765756,9.890240527937962
-3.6828046744574294,1.4171984692627257,-0.41719846926272575,9.908604467837796
-3.664440734557596,1.4126577211167022,-0.4126577211167022,9.926968407737629
-3.6460767946577635,1.4080409921859296,-0.4080409921859296,9.94533234763746
-3.62771285475793,1.4033464516192393,-0.4033464516192393,9.963696287537296
-3.6093489148580966,1.3985721739343944,-0.39857217393439437,9.982060227437128
-3.590984974958264,1.3937161604078883,-0.39371616040788826,10.000424167336961
-3.5726210350584306,1.3887763199485328,-0.3887763199485328,10.018788107236794
-3.554257095158598,1.3837504579525448,-0.3837504579525448,10.037152047136626
-3.5358931552587647,1.3786362661386442,-0.3786362661386442,10.055515987036461
-3.517529215358932,1.3734312505441135,-0.3734312505441135,10.073879926936293
-3.4991652754590987,1.368131652420361,-0.36813165242036106,10.092243866836126
-3.4808013355592653,1.3627520828833335,-0.3627520828833335,10.11060780673596
-3.4624373956594328,1.35724157747717,-0.35724157747717,10.128971746635791
-3.4440734557595993,1.3516512522975845,-0.35165125229758454,10.147335686535627
-3.425709515859767,1.3459517950621014,-0.3459517950621014,10.165699626435458
-3.4073455759599334,1.3401438533392596,-0.34014385333925956,10.184063566335292
-3.3889816360601,1.3342238695260713,-0.3342238695260713,10.202427506235125
-3.3706176961602674,1.3281880548910476,-0.32818805489104763,10.220791446134957
-3.352253756260434,1.322032242147916,-0.32203224214791604,10.239155386034792
-3.3338898163606014,1.3157520252053871,-0.31575202520538714,10.257519325934624
-3.315525876460768,1.3093424837191927,-0.3093424837191927,10.275883265834457
-3.2971619365609355,1.3027982050383873,-0.3027982050383873,10.29424720573429
-3.278797996661102,1.2961135954588052,-0.2961135954588052,10.312611145634122
-3.2604340567612686,1.2892825506833179,-0.2892825506833179,10.330975085533957
-3.242070116861436,1.282298745852249,-0.282298745852249,10.349339025433789
-3.2237061769616027,1.275150782819997,-0.27515078281999705,10.367702965333622
-3.20534223706177,1.267835076684544,-0.2678350766845441,10.386066905233456
-3.1869782971619367,1.26032803896178,-0.2603280389617799,10.404430845133287
-3.1686143572621033,1.252617639045967,-0.2526176390459669,10.422794785033123
-3.1502504173622707,1.2447650633880833,-0.24476506338808335,10.441158724932954
-3.1318864774624373,1.236657443813758,-0.23665744381375808,10.459522664832788
-3.1135225375626048,1.2283150093595718,-0.22831500935957183,10.477886604732621
-3.0951585976627713,1.2197240852520668,-0.21972408525206677,10.496250544632453
-3.076794657762939,1.2108543285900453,-0.21085432859004527,10.514614484532286
-3.0584307178631054,1.2016833877552107,-0.20168338775521066,10.53297842443212
-3.040066777963272,1.192193604135437,-0.19219360413543707,10.551342364331953
-3.0217028380634394,1.1822447051469052,-0.18224470514690516,10.569706304231786
-3.003338898163606,1.1719331691941544,-0.17193316919415436,10.588070244131618
-2.9849749582637735,1.161662473226072,-0.16166247322607208,10.606434184031452
-2.96661101836394,1.1495603971706574,-0.1495603971706574,10.624798123931285
-2.9482470784641066,1.1381714761928265,-0.13817147619282655,10.643162063831118
-2.929883138564274,1.1232552835102463,-0.12325528351024628,10.661526003730952
-2.9115191986644406,1.1100572969913236,-0.1100572969913236,10.679889943630783
-2.893155258764608,1.0000350097416886,-3.500974168857418e-05,10.698253883530617
-2.8747913188647747,1.0000392864325194,-3.928643251938091e-05,10.71661782343045
-2.856427378964942,0.9999581854659594,4.181453404061841e-05,10.734981763330282
-2.8380634390651087,1.0,0.0,10.753345703230117
-2.8196994991652753,1.0,0.0,10.771709643129949
-2.8013355592654428,1.0,0.0,10.790073583029782
-2.7829716193656093,1.0,0.0,10.808437522929616
-2.764607679465777,1.0,0.0,10.826801462829447
-2.7462437395659434,1.0,0.0,10.845165402729283
-2.727879799666111,1.0,0.0,10.863529342629114
-2.7095158597662774,1.0,0.0,10.881893282528948
-2.691151919866444,1.0,0.0,10.900257222428781
-2.6727879799666114,1.0,0.0,10.918621162328613
-2.654424040066778,1.0,0.0,10.936985102228448
-2.6360601001669455,1.0,0.0,10.95534904212828
-2.617696160267112,1.0,0.0,10.973712982028113
-2.5993322203672786,1.0,0.0,10.992076921927946
-2.580968280467446,1.0,0.0,11.010440861827778
-2.5626043405676127,1.0,0.0,11.028804801727613
-2.54424040066778,1.0,0.0,11.047168741627445
-2.5258764607679467,1.0,0.0,11.065532681527278
-2.507512520868114,1.0,0.0,11.083896621427112
-2.4891485809682807,1.0,0.0,11.102260561326943
-2.4707846410684473,1.0,0.0,11.120624501226779
-2.4524207011686148,1.0,0.0,11.13898844112661
-2.4340567612687813,1.0,0.0,11.157352381026444
-2.415692821368949,1.0,0.0,11.175716320926277
-2.3973288814691154,1.0,0.0,11.194080260826109
-2.378964941569282,1.0,0.0,11.212444200725944
-2.3606010016694494,1.0,0.0,11.230808140625776
-2.342237061769616,1.0,0.0,11.249172080525609
-2.3238731218697835,1.0,0.0,11.267536020425442
-2.30550918196995,1.0,0.0,11.285899960325274
-2.2871452420701175,1.0,0.0,11.304263900225108
-2.268781302170284,1.0,0.0,11.322627840124941
-2.2504173622704506,1.0,0.0,11.340991780024774
-2.232053422370618,1.0,0.0,11.359355719924608
-2.2136894824707847,1.0,0.0,11.37771965982444
-2.195325542570952,1.0,0.0,11.396083599724273
-2.1769616026711187,1.0,0.0,11.414447539624106
-2.1585976627712853,1.0,0.0,11.43281147952394
-2.1402337228714527,1.0,0.0,11.451175419423773
-2.1218697829716193,1.0,0.0,11.469539359323605
-2.103505843071787,1.0,0.0,11.487903299223438
-2.0851419031719534,1.0,0.0,11.506267239123272
-2.066777963272121,1.0,0.0,11.524631179023103
-2.0484140233722874,1.0,0.0,11.542995118922939
-2.030050083472454,1.0,0.0,11.56135905882277
-2.0116861435726214,1.0,0.0,11.579722998722604
-1.993322203672788,1.0,0.0,11.598086938622437
-1.9749582637729546,1.0,0.0,11.61645087852227
-1.956594323873123,1.0,0.0,11.634814818422102
-1.9382303839732895,1.0,0.0,11.653178758321936
-1.919866444073456,1.0,0.0,11.671542698221769
-1.9015025041736227,1.0,0.0,11.689906638121602
-1.8831385642737892,1.0,0.0,11.708270578021436
-1.8647746243739576,1.0,0.0,11.726634517921267
-1.8464106844741242,1.0,0.0,11.7449984578211
-1.8280467445742907,1.0,0.0,11.763362397720934
-1.8096828046744573,1.0,0.0,11.781726337620768
-1.7913188647746239,1.0,0.0,11.800090277520601
-1.7729549248747922,1.0,0.0,11.818454217420433
-1.7545909849749588,1.0,0.0,11.836818157320266
-1.7362270450751254,1.0,0.0,11.8551820972201
-1.717863105175292,1.0,0.0,11.873546037119933
-1.6994991652754585,1.0,0.0,11.891909977019766
-1.6811352253756269,1.0,0.0,11.910273916919598
-1.6627712854757934,1.0,0.0,11.928637856819432
-1.64440734557596,1.0,0.0,11.947001796719265
-1.6260434056761266,1.0,0.0,11.965365736619098
-1.607679465776295,1.0,0.0,11.98372967651893
-1.5893155258764615,1.0,0.0,12.002093616418763
-1.570951585976628,1.0,0.0,12.020457556318597
-1.5525876460767947,1.0,0.0,12.03882149621843
-1.5342237061769612,1.0,0.0,12.057185436118264
-1.5158597662771296,1.0,0.0,12.075549376018095
-1.4974958263772962,1.0,0.0,12.093913315917929
-1.4791318864774627,1.0,0.0,12.112277255817762
-1.4607679465776293,1.0,0.0,12.130641195717596
-1.442404006677796,1.0,0.0,12.14900513561743
-1.4240400667779642,1.0,0.0,12.16736907551726
-1.4056761268781308,1.0,0.0,12.185733015417094
-1.3873121869782974,1.0,0.0,12.204096955316928
-1.368948247078464,1.0,0.0,12.222460895216761
-1.3505843071786305,1.0,0.0,12.240824835116594
-1.332220367278799,1.0,0.0,12.259188775016426
-1.3138564273789655,1.0,0.0,12.27755271491626
-1.295492487479132,1.0,0.0,12.295916654816093
-1.2771285475792986,1.0,0.0,12.314280594715926
-1.2587646076794652,1.0,0.0,12.33264453461576
-1.2404006677796335,1.0,0.0,12.351008474515591
-1.2220367278798,1.0,0.0,12.369372414415425
-1.2036727879799667,1.0,0.0,12.387736354315258
-1.1853088480801333,1.0,0.0,12.406100294215092
-1.1669449081803016,1.0,0.0,12.424464234114923
-1.1485809682804682,1.0,0.0,12.442828174014757
-1.1302170283806348,1.0,0.0,12.46119211391459
-1.1118530884808013,1.0,0.0,12.479556053814424
-1.093489148580968,1.0,0.0,12.497919993714257
-1.0751252086811363,1.0,0.0,12.516283933614089
-1.0567612687813028,1.0,0.0,12.534647873513922
-1.0383973288814694,1.0,0.0,12.553011813413756
-1.020033388981636,1.0,0.0,12.571375753313589
-1.0016694490818026,1.0,0.0,12.589739693213422
-0.9833055091819709,1.0,0.0,12.608103633113254
-0.9649415692821375,1.0,0.0,12.626467573013088
-0.946577629382304,1.0,0.0,12.644831512912921
-0.9282136894824706,1.0,0.0,12.663195452812754
-0.9098497495826372,1.0,0.0,12.681559392712588
-0.8914858096828056,1.0,0.0,12.69992333261242
-0.8731218697829721,1.0,0.0,12.718287272512253
-0.8547579298831387,1.0,0.0,12.736651212412086
-0.8363939899833053,0.6291203265510931,0.37087967344890693,12.75501515231192
-0.8180300500834718,0.2888998166332986,0.7111001833667014,12.773379092211753
-0.7996661101836402,0.18255615890445737,0.8174438410955427,12.791743032111585
-0.7813021702838068,0.12674410058466934,0.8732558994153307,12.810106972011418
-0.7629382303839733,0.09254681210150362,0.9074531878984964,12.828470911911252
-0.7445742904841399,0.06980842408958705,0.9301915759104129,12.846834851811085
-0.7262103505843083,0.0538855151036326,0.9461144848963674,12.865198791710917
-0.7078464106844748,0.04232438161528144,0.9576756183847186,12.88356273161075
-0.6894824707846414,0.033701384148919315,0.9662986158510807,12.901926671510584
-0.671118530884808,0.027134223158171506,0.9728657768418285,12.920290611410417
-0.6527545909849746,0.02204849272148126,0.9779515072785188,12.93865455131025
-0.6343906510851429,0.018055645674758123,0.9819443543252419,12.957018491210082
-0.6160267111853095,0.014884677515153495,0.9851153224848465,12.975382431109916
-0.5976627712854761,0.012341760695632871,0.9876582393043671,12.993746371009749
-0.5792988313856426,0.010285328787103618,0.9897146712128964,13.012110310909582
-0.5609348914858092,0.00861013172011244,0.9913898682798875,13.030474250809416
-0.5425709515859776,0.00723671701841762,0.9927632829815823,13.048838190709247
-0.5242070116861441,0.006104307988972261,0.9938956920110278,13.06720213060908
-0.5058430717863107,0.005165872447913225,0.9948341275520868,13.085566070508914
-0.4874791318864773,0.004384640722431524,0.9956153592775685,13.103930010408748
-0.46911519198664386,0.003731604272465378,0.9962683957275347,13.122293950308581
-0.4507512520868122,0.0031836911034136537,0.9968163088965863,13.140657890208413
-0.4323873121869788,0.002722416579503257,0.9972775834204968,13.159021830108246
-0.41402337228714536,0.002332873482352154,0.9976671265176479,13.17738577000808
-0.39565943238731194,0.0020029676163956824,0.9979970323836043,13.195749709907913
-0.3772954924874803,0.001722833441351982,0.9982771665586481,13.214113649807745
-0.35893155258764686,0.0014843832463844494,0.9985156167536156,13.232477589707578
-0.34056761268781344,0.0012809564447664218,0.9987190435552336,13.250841529607412
-0.32220367278798,0.001107044666269323,0.9988929553337307,13.269205469507245
-0.3038397328881466,0.0009580747485539706,0.9990419252514461,13.287569409407078
-0.28547579298831494,0.0008302363222153433,0.9991697636777847,13.30593334930691
-0.2671118530884815,0.000720344005340569,0.9992796559946594,13.324297289206743
-0.24874791318864808,0.0006257266492753291,0.9993742733507247,13.342661229106577
-0.23038397328881466,0.0005441378666238954,0.9994558621333761,13.36102516900641
-0.21202003338898123,0.00047368340484864736,0.9995263165951513,13.379389108906244
-0.19365609348914958,0.00041276192958425277,0.9995872380704157,13.397753048806075
-0.17529215358931616,0.00036001653946288284,0.9996399834605371,13.416116988705909
-0.15692821368948273,0.00031429491208609237,0.9996857050879139,13.434480928605742
-0.1385642737896493,0.00027461642449653156,0.9997253835755034,13.452844868505576
-0.12020033388981588,0.00024014493439264447,0.9997598550656074,13.47120880840541
-0.10183639398998423,0.00021016617490722395,0.9997898338250928,13.48957274830524
-0.0834724540901508,0.00018406892419769316,0.9998159310758024,13.507936688205074
-0.06510851419031738,0.00016132927492021275,0.9998386707250798,13.526300628104908
-0.04674457429048395,0.00014149745810107268,0.9998585025418989,13.544664568004741
-0.028380634390650528,0.0001241867786945519,0.9998758132213055,13.563028507904574
-0.010016694490818878,0.00010906430213062497,0.9998909356978694,13.581392447804406
0.008347245409014548,9.58429969034733e-05,0.9999041570030965,13.59975638770424
0.026711185308847973,8.427509120059009e-05,0.9999157249087994,13.618120327604073
0.0450751252086814,7.41464443813317e-05,0.9999258535556187,13.636484267503906
0.06343906510851305,6.527176886995983e-05,0.99993472823113,13.654848207403738
0.08180300500834647,5.7490566336693464e-05,0.9999425094336633,13.673212147303571
0.1001669449081799,5.066366519005225e-05,0.99994933633481,13.691576087203405
0.11853088480801333,4.467026537928244e-05,0.9999553297346208,13.709940027103238
0.13689482470784675,3.9405412109743994e-05,0.9999605945878902,13.728303967003072
0.1552587646076784,3.477783293223978e-05,0.9999652221670677,13.746667906902903
0.17362270450751183,3.070808328482333e-05,0.9999692919167151,13.765031846802737
0.19198664440734525,2.7126954354376193e-05,0.9999728730456456,13.78339578670257
0.21035058430717868,2.3974104412130734e-05,0.9999760258955879,13.801759726602404
0.2287145242070121,2.1196880835485797e-05,0.9999788031191645,13.820123666502237
0.24707846410684375,1.874930507881668e-05,0.9999812506949212,13.838487606402069
0.2654424040066772,1.6591197075728652e-05,0.9999834088029242,13.856851546301902
0.2838063439065106,1.4687419095817822e-05,0.9999853125809042,13.875215486201736
0.30217028380634403,1.3007222057787966e-05,0.9999869927779422,13.893579426101569
0.32053422370617746,1.1523679813917849e-05,0.9999884763201861,13.911943366001402
0.3388981636060091,1.0213199051174878e-05,0.9999897868009489,13.930307305901234
0.35726210350584253,9.055094259754694e-06,0.9999909449057403,13.948671245801068
0.37562604340567596,8.031218757122412e-06,0.9999919687812429,13.967035185700901
0.3939899833055094,7.125644061186825e-06,0.9999928743559389,13.985399125600734
0.4123539232053428,6.324381021325534e-06,0.9999936756189787,14.003763065500568
0.43071786310517446,5.61513706068202e-06,0.9999943848629393,14.0221270054004
0.4490818030050079,4.9871046895979515e-06,0.9999950128953105,14.040490945300233
0.4674457429048413,4.430777133333677e-06,0.9999955692228667,14.058854885200066
0.48580968280467474,3.9377874974703655e-06,0.9999960622125025,14.0772188250999
0.5041736227045064,3.500768387288505e-06,0.9999964992316127,14.095582764999731
0.5225375626043398,3.1132293160956437e-06,0.9999968867706839,14.113946704899565
0.5409015025041732,2.769449594133752e-06,0.9999972305504059,14.132310644799398
0.5592654424040067,2.4643846943625007e-06,0.9999975356153057,14.150674584699232
0.5776293823038401,2.1935843541215033e-06,0.9999978064156458,14.169038524599065
0.5959933222036717,1.9531208974289103e-06,0.9999980468791025,14.187402464498897
0.6143572621035052,1.739526459697091e-06,0.9999982604735403,14.20576640439873
0.6327212020033386,1.549737968327956e-06,0.9999984502620317,14.224130344298564
0.651085141903172,1.3810488827445602e-06,0.9999986189511173,14.242494284198397
0.6694490818030054,1.2310668294322623e-06,0.9999987689331705,14.26085822409823
0.6878130217028371,1.0976763826796573e-06,0.9999989023236173,14.279222163998062
0.7061769616026705,9.790063424585792e-07,0.9999990209936576,14.297586103897896
0.7245409015025039,8.73400948270713e-07,0.9999991265990518,14.315950043797729
0.7429048414023374,7.793945432472167e-07,0.9999992206054568,14.334313983697562
0.7612687813021708,6.956892671751121e-07,0.9999993043107328,14.352677923597396
0.7796327212020024,6.211354125997032e-07,0.9999993788645875,14.371041863497227
0.7979966611018359,5.547141243537412e-07,0.9999994452858757,14.38940580339706
0.8163606010016693,4.9552216280984e-07,0.9999995044778371,14.407769743296894
0.8347245409015027,4.427584846067403e-07,0.9999995572415153,14.426133683196728
0.8530884808013344,3.957124233469615e-07,0.9999996042875766,14.44449762309656
0.8714524207011678,3.5375327767665193e-07,0.9999996462467223,14.462861562996393
0.8898163606010012,3.163211360102011e-07,0.9999996836788639,14.481225502896226
0.9081803005008346,2.829187866301543e-07,0.9999997170812134,14.49958944279606
0.9265442404006681,2.5310457943243583e-07,0.9999997468954206,14.517953382695893
0.9449081803004997,2.264861216126178e-07,0.9999997735138784,14.536317322595725
0.9632721202003331,2.0271470413101634e-07,0.9999997972852959,14.554681262495558
0.9816360601001666,1.8148036914834757e-07,0.9999998185196308,14.573045202395392
1.0,1.625075404791766e-07,0.9999998374924596,14.591409142295225
