Energy (E),Reflectivity (R),Transmissivity (T)
-7.0,12.584778846594201,-11.584778846594201
-6.981636060100167,12.491326825724938,-11.491326825724938
-6.963272120200334,12.396840875951023,-11.396840875951023
-6.944908180300501,12.301395344293157,-11.301395344293157
-6.926544240400668,12.205063376064954,-11.205063376064954
-6.908180300500835,12.10791675766489,-11.10791675766489
-6.889816360601001,12.010025975033372,-11.010025975033372
-6.871452420701169,11.911460166878195,-10.911460166878195
-6.853088480801335,11.812287049367539,-10.812287049367539
-6.834724540901503,11.712572849160832,-10.712572849160832
-6.816360601001669,11.612382246081427,-10.612382246081427
-6.797996661101837,11.511778323693642,-10.511778323693642
-6.779632721202003,11.410822527107593,-10.410822527107593
-6.76126878130217,11.309574628333921,-10.309574628333921
-6.742904841402337,11.208092701235605,-10.208092701235605
-6.724540901502504,11.10643310881857,-10.10643310881857
-6.706176961602671,11.004650474873296,-10.004650474873296
-6.687813021702838,10.902797502683864,-9.902797502683864
-6.669449081803005,10.800924879691403,-9.800924879691403
-6.651085141903172,10.699081934768524,-9.699081934768524
-6.632721202003339,10.59731647601874,-9.59731647601874
-6.614357262103506,10.495674258845579,-9.495674258845579
-6.595993322203673,10.394199178181491,-9.394199178181491
-6.57762938230384,10.29293339508301,-9.29293339508301
-6.559265442404007,10.191917349334014,-9.191917349334014
-6.540901502504173,10.09118976815345,-9.09118976815345
-6.522537562604341,9.990787683602688,-8.990787683602688
-6.504173622704507,9.890746455206056,-8.890746455206056
-6.485809682804675,9.791099795960404,-8.791099795960404
-6.467445742904841,9.691879801337768,-8.691879801337768
-6.449081803005008,9.593116982274434,-8.593116982274434
-6.430717863105175,9.494840306487763,-8.494840306487763
-6.412353923205342,9.39707725338977,-8.39707725338977
-6.393989983305509,9.299853812191218,-8.299853812191218
-6.375626043405676,9.20319418672629,-8.20319418672629
-6.357262103505843,9.107121026489366,-8.107121026489366
-6.33889816360601,9.01165639116128,-8.01165639116128
-6.3205342237061775,8.916820909986905,-7.916820909986905
-6.302170283806344,8.822633567381187,-7.822633567381187
-6.283806343906511,8.729112074873095,-7.729112074873095
-6.265442404006678,8.63627295324387,-7.63627295324387
-6.247078464106845,8.544131551266661,-7.544131551266661
-6.228714524207012,8.452702075582698,-7.452702075582698
-6.210350584307179,8.361997626850597,-7.361997626850597
-6.191986644407345,8.272030237651476,-7.272030237651476
-6.173622704507513,8.182810910874123,-7.182810910874123
-6.155258764607679,8.094349658659947,-7.094349658659947
-6.136894824707847,8.006655543986398,-7.006655543986398
-6.118530884808013,7.919736733636813,-6.919736733636813
-6.10016694490818,7.833600574869768,-6.833600574869768
-6.081803005008347,7.748253537927143,-6.748253537927143
-6.063439065108514,7.663700664140253,-6.663700664140253
-6.045075125208681,7.579946457858132,-6.579946457858132
-6.026711185308848,7.496995700132565,-6.496995700132565
-6.008347245409015,7.414851887778832,-6.414851887778832
-5.989983305509182,7.333517586759657,-6.333517586759657
-5.9716193656093495,7.252994778790411,-6.252994778790411
-5.953255425709516,7.173284864512261,-6.173284864512261
-5.934891485809683,7.094388667933997,-6.094388667933997
-5.91652754590985,7.0163064581563575,-6.0163064581563575
-5.898163606010017,6.939037975457535,-5.939037975457535
-5.879799666110184,6.862582457868343,-5.862582457868343
-5.861435726210351,6.786938667477516,-5.786938667477516
-5.843071786310517,6.712104916868738,-5.712104916868738
-5.824707846410685,6.638079098944454,-5.638079098944454
-5.806343906510851,6.564858736249654,-5.564858736249654
-5.787979966611019,6.492441081219716,-5.492441081219716
-5.769616026711185,6.420822939066713,-5.420822939066713
-5.751252086811352,6.349999717869027,-5.349999717869027
-5.732888146911519,6.2799675544416695,-5.2799675544416695
-5.714524207011686,6.210723170264986,-5.210723170264986
-5.696160267111853,6.142261977908571,-5.142261977908571
-5.67779632721202,6.074579078408465,-5.074579078408465
-5.659432387312187,6.007669430843552,-5.007669430843552
-5.641068447412354,5.941527796770294,-4.941527796770294
-5.622704507512521,5.876148734155668,-4.876148734155668
-5.604340567612688,5.8115266081088865,-4.8115266081088865
-5.585976627712855,5.74765560446818,-4.74765560446818
-5.567612687813021,5.68452974354152,-4.68452974354152
-5.549248747913189,5.622142893595843,-4.622142893595843
-5.530884808013356,5.560488784569487,-4.560488784569487
-5.512520868113523,5.499561026215749,-4.499561026215749
-5.494156928213689,5.439353157869108,-4.439353157869108
-5.475792988313857,5.37985880927627,-4.37985880927627
-5.457429048414023,5.321071330328946,-4.321071330328946
-5.439065108514191,5.262982258055382,-4.262982258055382
-5.420701168614357,5.20558553247841,-4.20558553247841
-5.402337228714524,5.148875146623491,-4.148875146623491
-5.383973288814691,5.09284377044964,-4.09284377044964
-5.365609348914858,5.0374842181240505,-4.0374842181240505
-5.347245409015025,4.982789368234767,-3.9827893682347666
-5.328881469115192,4.928752084608107,-3.9287520846081074
-5.310517529215359,4.875365207864873,-3.8753652078648733
-5.292153589315526,4.822621559545235,-3.822621559545235
-5.273789649415693,4.770513947769998,-3.770513947769998
-5.25542570951586,4.719035172916496,-3.719035172916496
-5.237061769616027,4.668178033087806,-3.6681780330878064
-5.218697829716193,4.617935329629315,-3.617935329629315
-5.200333889816361,4.568299877004458,-3.568299877004458
-5.181969949916528,4.519264557994982,-3.5192645579949824
-5.163606010016695,4.470822611982552,-3.470822611982552
-5.145242070116861,4.422966974785478,-3.422966974785478
-5.126878130217029,4.375687862203101,-3.375687862203101
-5.108514190317195,4.328980318317329,-3.3289803183173294
-5.090150250417363,4.282837858393628,-3.282837858393628
-5.071786310517529,4.2372529456397325,-3.2372529456397325
-5.053422370617696,4.192218486304338,-3.1922184863043377
-5.035058430717863,4.147727510841872,-3.1477275108418716
-5.01669449081803,4.103773101210582,-3.1037731012105816
-4.9983305509181974,4.060348385201662,-3.060348385201662
-4.979966611018364,4.017446537740179,-3.017446537740179
-4.961602671118531,3.9750607826046385,-2.9750607826046385
-4.943238731218698,3.933184394025264,-2.933184394025264
-4.924874791318865,3.8918106979807345,-2.8918106979807345
-4.906510851419032,3.850933072889168,-2.850933072889168
-4.888146911519199,3.8105449523730552,-2.8105449523730552
-4.869782971619365,3.7706398824504457,-2.7706398824504457
-4.851419031719533,3.7312120372479307,-2.7312120372479307
-4.8330550918197,3.692255177456124,-2.692255177456124
-4.814691151919867,3.653758790963869,-2.653758790963869
-4.796327212020033,3.6157208176727464,-2.6157208176727464
-4.7779632721202,3.5781347666862877,-2.5781347666862877
-4.759599332220367,3.5409939023317425,-2.5409939023317425
-4.741235392320535,3.5042920708727587,-2.5042920708727587
-4.722871452420701,3.4680232277773975,-2.4680232277773975
-4.704507512520868,3.432181390907736,-2.432181390907736
-4.6861435726210345,3.396760639452699,-2.396760639452699
-4.667779632721202,3.3617551143810185,-2.3617551143810185
-4.6494156928213695,3.327159018449258,-2.327159018449258
-4.631051752921536,3.292966615947043,-2.292966615947043
-4.612687813021703,3.2591722319436185,-2.2591722319436185
-4.59432387312187,3.2257702498635155,-2.2257702498635155
-4.575959933222037,3.1927551059231285,-2.1927551059231285
-4.557595993322204,3.1601213306185882,-2.1601213306185882
-4.539232053422371,3.1278644140574188,-2.1278644140574188
-4.520868113522537,3.095979425403605,-2.095979425403605
-4.502504173622705,3.0644545522275393,-2.0644545522275393
-4.484140233722872,3.0332918769709716,-2.0332918769709716
-4.465776293823039,3.002484464611182,-2.002484464611182
-4.447412353923205,2.972026681902878,-1.9720266819028782
-4.429048414023372,2.9419134401880513,-1.9419134401880513
-4.410684474123539,2.912139712829017,-1.912139712829017
-4.392320534223707,2.8827005230645897,-1.8827005230645897
-4.373956594323873,2.8535909472522865,-1.8535909472522865
-4.35559265442404,2.824806115130345,-1.824806115130345
-4.3372287145242066,2.7963412090322683,-1.7963412090322683
-4.318864774624374,2.7681914627122786,-1.7681914627122786
-4.3005008347245415,2.7403521594428675,-1.7403521594428675
-4.282136894824708,2.7128186271891415,-1.7128186271891415
-4.263772954924875,2.685586222674949,-1.685586222674949
-4.245409015025041,2.6586503226125098,-1.6586503226125098
-4.227045075125209,2.6320076115073827,-1.6320076115073827
-4.208681135225376,2.605654921234786,-1.6056549212347861
-4.190317195325543,2.5795776070367333,-1.5795776070367333
-4.171953255425709,2.553783136561301,-1.553783136561301
-4.153589315525877,2.528263234349152,-1.528263234349152
-4.135225375626043,2.5030133441056073,-1.5030133441056073
-4.116861435726211,2.4780292274862012,-1.4780292274862012
-4.098497495826377,2.453306648982299,-1.453306648982299
-4.080133555926544,2.428841398045723,-1.4288413980457229
-4.061769616026711,2.4046292949948866,-1.4046292949948866
-4.043405676126879,2.380666190728817,-1.380666190728817
-4.025041736227045,2.356947965002115,-1.356947965002115
-4.006677796327212,2.3334705241808327,-1.3334705241808327
-3.988313856427379,2.3102297980396442,-1.3102297980396442
-3.969949916527546,2.287221732491902,-1.287221732491902
-3.951585976627713,2.2644422620514324,-1.2644422620514324
-3.93322203672788,2.2418872057809693,-1.2418872057809693
-3.9148580968280466,2.219553770387129,-1.219553770387129
-3.8964941569282137,2.1974416665330656,-1.1974416665330656
-3.8781302170283807,2.1755305944063448,-1.1755305944063448
-3.8597662771285477,2.1538347827770763,-1.1538347827770763
-3.8414023372287147,2.132343464121743,-1.132343464121743
-3.8230383973288817,2.111052833299949,-1.111052833299949
-3.8046744574290483,2.089958992794548,-1.089958992794548
-3.7863105175292153,2.0690579729880305,-1.0690579729880305
-3.7679465776293823,2.0483457794236286,-1.0483457794236286
-3.7495826377295494,2.0278183974472177,-1.0278183974472177
-3.7312186978297164,2.007471788645994,-1.007471788645994
-3.7128547579298834,1.9873018853934907,-0.9873018853934907
-3.69449081803005,1.9673045844642378,-0.9673045844642378
-3.676126878130217,1.947475739192106,-0.947475739192106
-3.657762938230384,1.9278111465304864,-0.9278111465304864
-3.639398998330551,1.908306506192393,-0.908306506192393
-3.621035058430718,1.8889571871406488,-0.8889571871406488
-3.602671118530885,1.8697588818711264,-0.8697588818711264
-3.5843071786310516,1.8507165848304097,-0.8507165848304097
-3.5659432387312187,1.831799802379752,-0.8317998023797519
-3.5475792988313857,1.8130295959057827,-0.8130295959057827
-3.5292153589315527,1.7943913758028678,-0.7943913758028678
-3.5108514190317197,1.7758808023855286,-0.7758808023855286
-3.4924874791318867,1.757492838962298,-0.7574928389622979
-3.4741235392320533,1.7392221874817722,-0.7392221874817722
-3.4557595993322203,1.7210633317438484,-0.7210633317438484
-3.4373956594323873,1.703010519967849,-0.7030105199678489
-3.4190317195325544,1.6850577355947294,-0.6850577355947294
-3.4006677796327214,1.6671986623063402,-0.6671986623063402
-3.3823038397328884,1.6494266433980311,-0.6494266433980311
-3.3639398998330554,1.631734634094642,-0.6317346340946419
-3.345575959933222,1.6141151422513809,-0.6141151422513809
-3.327212020033389,1.596560131762857,-0.596560131762857
-3.308848080133556,1.579060631943835,-0.579060631943835
-3.290484140233723,1.56160357432209,-0.56160357432209
-3.27212020033389,1.5441976767364576,-0.5441976767364576
-3.253756260434057,1.5268025323747447,-0.5268025323747447
-3.2353923205342237,1.5094278652026814,-0.5094278652026814
-3.2170283806343907,1.4920528659313854,-0.4920528659313854
-3.1986644407345577,1.4746638697195174,-0.47466386971951735
-3.1803005008347247,1.4572446150626839,-0.4572446150626839
-3.1619365609348917,1.4397766973654924,-0.4397766973654924
-3.1435726210350587,1.422239201364356,-0.4222392013643561
-3.1252086811352253,1.4046081443630165,-0.4046081443630165
-3.1068447412353923,1.3868557633226886,-0.38685576332268856
-3.0884808013355594,1.368949556651669,-0.36894955665166895
-3.0701168614357264,1.3508509897553216,-0.3508509897553216
-3.0517529215358934,1.3325138092309683,-0.3325138092309683
-3.0333889816360604,1.3138814479475724,-0.31388144794757245
-3.015025041736227,1.2948835757371058,-0.2948835757371058
-2.996661101836394,1.275430521417641,-0.2754305214176409
-2.9782971619365615,1.2553951761803144,-0.2553951761803144
-2.959933222036728,1.2345895840492658,-0.23458958404926578
-2.9415692821368946,1.2129461443151828,-0.21294614431518277
-2.923205342237062,1.1899554035346247,-0.1899554035346247
-2.9048414023372287,1.1650732844703844,-0.16507328447038438
-2.886477462437396,1.1381163160536039,-0.13811631605360386
-2.8681135225375627,1.106173271757427,-0.10617327175742708
-2.8497495826377293,1.0000218179853357,-2.1817985335736978e-05
-2.8313856427378967,1.0,0.0
-2.8130217028380633,1.0,0.0
-2.7946577629382308,1.0,0.0
-2.7762938230383973,1.0,0.0
-2.757929883138565,1.0,0.0
-2.7395659432387314,1.0,0.0
-2.721202003338898,1.0,0.0
-2.7028380634390654,1.0,0.0
-2.684474123539232,1.0,0.0
-2.6661101836393994,1.0,0.0
-2.647746243739566,1.0,0.0
-2.6293823038397326,1.0,0.0
-2.6110183639399,1.0,0.0
-2.5926544240400666,1.0,0.0
-2.574290484140234,1.0,0.0
-2.5559265442404007,1.0,0.0
-2.537562604340568,1.0,0.0
-2.5191986644407347,1.0,0.0
-2.5008347245409013,1.0,0.0
-2.4824707846410687,1.0,0.0
-2.4641068447412353,1.0,0.0
-2.4457429048414028,1.0,0.0
-2.4273789649415694,1.0,0.0
-2.409015025041736,1.0,0.0
-2.3906510851419034,1.0,0.0
-2.37228714524207,1.0,0.0
-2.3539232053422374,1.0,0.0
-2.335559265442404,1.0,0.0
-2.3171953255425715,1.0,0.0
-2.298831385642738,1.0,0.0
-2.2804674457429046,1.0,0.0
-2.262103505843072,1.0,0.0
-2.2437395659432386,1.0,0.0
-2.225375626043406,1.0,0.0
-2.2070116861435727,1.0,0.0
-2.18864774624374,1.0,0.0
-2.1702838063439067,1.0,0.0
-2.1519198664440733,1.0,0.0
-2.1335559265442408,1.0,0.0
-2.1151919866444073,1.0,0.0
-2.096828046744575,1.0,0.0
-2.0784641068447414,1.0,0.0
-2.060100166944908,1.0,0.0
-2.0417362270450754,1.0,0.0
-2.023372287145242,1.0,0.0
-2.0050083472454094,1.0,0.0
-1.986644407345576,1.0,0.0
-1.9682804674457435,1.0,0.0
-1.94991652754591,1.0,0.0
-1.9315525876460766,1.0,0.0
-1.913188647746244,1.0,0.0
-1.8948247078464107,1.0,0.0
-1.8764607679465781,1.0,0.0
-1.8580968280467447,1.0,0.0
-1.8397328881469113,1.0,0.0
-1.8213689482470787,1.0,0.0
-1.8030050083472453,1.0,0.0
-1.7846410684474128,1.0,0.0
-1.7662771285475793,1.0,0.0
-1.7479131886477468,1.0,0.0
-1.7295492487479134,1.0,0.0
-1.71118530884808,1.0,0.0
-1.6928213689482474,1.0,0.0
-1.674457429048414,1.0,0.0
-1.6560934891485815,1.0,0.0
-1.637729549248748,1.0,0.0
-1.6193656093489146,1.0,0.0
-1.601001669449082,1.0,0.0
-1.5826377295492486,1.0,0.0
-1.564273789649416,1.0,0.0
-1.5459098497495827,1.0,0.0
-1.5275459098497501,1.0,0.0
-1.5091819699499167,1.0,0.0
-1.4908180300500833,1.0,0.0
-1.4724540901502507,1.0,0.0
-1.4540901502504173,1.0,0.0
-1.4357262103505848,1.0,0.0
-1.4173622704507514,1.0,0.0
-1.398998330550918,1.0,0.0
-1.3806343906510854,1.0,0.0
-1.362270450751252,1.0,0.0
-1.3439065108514194,1.0,0.0
-1.325542570951586,1.0,0.0
-1.3071786310517535,1.0,0.0
-1.28881469115192,1.0,0.0
-1.2704507512520866,1.0,0.0
-1.252086811352254,1.0,0.0
-1.2337228714524207,1.0,0.0
-1.2153589315525881,1.0,0.0
-1.1969949916527547,1.0,0.0
-1.1786310517529213,1.0,0.0
-1.1602671118530887,1.0,0.0
-1.1419031719532553,1.0,0.0
-1.1235392320534228,1.0,0.0
-1.1051752921535893,1.0,0.0
-1.0868113522537568,1.0,0.0
-1.0684474123539234,1.0,0.0
-1.05008347245409,1.0,0.0
-1.0317195325542574,1.0,0.0
-1.013355592654424,1.0,0.0
-0.9949916527545914,1.0,0.0
-0.976627712854758,1.0,0.0
-0.9582637729549255,1.0,0.0
-0.9398998330550921,1.0,0.0
-0.9215358931552586,1.0,0.0
-0.9031719532554261,1.0,0.0
-0.8848080133555927,1.0,0.0
-0.8664440734557601,1.0,0.0
-0.8480801335559267,1.0,0.0
-0.8297161936560933,0.9999494782132283,5.0521786771673405e-05
-0.8113522537562607,0.9999851507599177,1.4849240082326354e-05
-0.7929883138564273,0.8860597492144168,0.11394025078558323
-0.7746243739565948,0.8702549137609835,0.12974508623901648
-0.7562604340567614,0.8531187197860215,0.1468812802139785
-0.7378964941569288,0.8385747322938106,0.16142526770618937
-0.7195325542570954,0.8252534862838776,0.17474651371612238
-0.701168614357262,0.8130373861722568,0.18696261382774315
-0.6828046744574294,0.8016303695247986,0.1983696304752014
-0.664440734557596,0.7909090683833871,0.20909093161661285
-0.6460767946577635,0.7807746643799149,0.21922533562008506
-0.62771285475793,0.7711427486424551,0.22885725135754487
-0.6093489148580966,0.7619460208545519,0.23805397914544812
-0.5909849749582641,0.7531288526559959,0.24687114734400406
-0.5726210350584306,0.744654281048921,0.25534571895107905
-0.5542570951585981,0.7364849116584914,0.2635150883415086
-0.5358931552587647,0.7285914852267305,0.27140851477326955
-0.5175292153589321,0.7209488705024181,0.27905112949758193
-0.4991652754590987,0.7135362165273359,0.2864637834726641
-0.4808013355592653,0.7063396833092772,0.2936603166907228
-0.46243739565943276,0.6992611428841249,0.3007388571158751
-0.44407345575959933,0.6925045643133823,0.30749543568661775
-0.4257095158597668,0.6858452437319628,0.31415475626803724
-0.40734557595993337,0.6793460944399262,0.3206539055600738
-0.38898163606009994,0.6729950985508275,0.3270049014491725
-0.3706176961602674,0.6667833305137718,0.3332166694862282
-0.352253756260434,0.6607028670053099,0.3392971329946901
-0.33388981636060144,0.654746561782638,0.345253438217362
-0.315525876460768,0.6489079383087917,0.3510920616912083
-0.2971619365609355,0.6431810896098141,0.3568189103901859
-0.27879799666110205,0.6375606222515673,0.3624393777484327
-0.26043405676126863,0.6320415938061855,0.3679584061938145
-0.2420701168614361,0.6266194599443458,0.37338054005565424
-0.22370617696160267,0.6212900370044433,0.3787099629955567
-0.20534223706177013,0.6160494861222174,0.38395051387778256
-0.1869782971619367,0.6108944680387295,0.3891055319612705
-0.16861435726210328,0.6058237987840349,0.3941762012159651
-0.15025041736227074,0.6008005446094834,0.3991994553905166
-0.1318864774624373,0.5959094644348718,0.4040905355651282
-0.11352253756260478,0.5910621044018556,0.4089378955981444
-0.09515859766277135,0.5862871546924405,0.4137128453075595
-0.07679465776293881,0.5815807224688561,0.41841927753114394
-0.058430717863105386,0.5769404126914238,0.4230595873085762
-0.04006677796327196,0.5723641085123311,0.4276358914876689
-0.021702838063439422,0.5678498323717386,0.4321501676282614
-0.0033388981636059967,0.5633957204341978,0.43660427956580217
0.015025041736226541,0.5590000113916989,0.44099998860830114
0.03338898163605997,0.5546610381857114,0.44533896181428856
0.05175292153589339,0.5503772209784743,0.4496227790215257
0.07011686143572593,0.5461470614280205,0.4538529385719795
0.08848080133555936,0.541969140420228,0.45803085957977197
0.1068447412353919,0.537842132779254,0.46215786722074603
0.12520868113522532,0.533764934090667,0.46623506590933295
0.14357262103505786,0.5297371050576568,0.4702628949423432
0.16193656093489128,0.5257408963408644,0.4742591036591356
0.1803005008347247,0.5218188627172043,0.47818113728279565
0.19866444073455725,0.517927140201129,0.48207285979887105
0.21702838063439067,0.5140801017124407,0.4859198982875593
0.2353923205342232,0.5102762268881801,0.4897237731118199
0.25375626043405664,0.5065144233845212,0.49348557661547876
0.2721202003338892,0.5027937662967957,0.49720623370320427
0.2904841402337226,0.49911338573725356,0.5008866142627464
0.308848080133556,0.49547244850363503,0.504527551496365
0.32721202003338856,0.49187015348799057,0.5081298465120094
0.345575959933222,0.4883057294678278,0.5116942705321722
0.3639398998330545,0.484778433528248,0.515221566471752
0.38230383973288795,0.4812875501799212,0.5187124498200788
0.4006677796327214,0.4778323930455573,0.5221676069544428
0.4190317195325539,0.4744123193520013,0.5255876806479987
0.43739565943238734,0.4710268110206782,0.5289731889793218
0.4557595993322199,0.4676753957339844,0.5323246042660156
0.4741235392320533,0.4643485449130566,0.5356514550869433
0.49248747913188584,0.4610699764925032,0.5389300235074967
0.5108514190317193,0.45781596749539505,0.542184032504605
0.5292153589315527,0.454593289032536,0.5454067109674641
0.5475792988313852,0.4514017137561545,0.5485982862438454
0.5659432387312187,0.44824061649226227,0.5517593835077377
0.5843071786310512,0.44510947989435345,0.5548905201056465
0.6026711185308846,0.44200781891359847,0.5579921810864015
0.621035058430718,0.4389351653004313,0.5610648346995687
0.6393989983305506,0.43589106435100017,0.5641089356489999
0.657762938230384,0.43287507390417274,0.5671249260958273
0.6761268781302165,0.4298867638661468,0.5701132361338532
0.69449081803005,0.4269257162652998,0.5730742837347003
0.7128547579298825,0.42399152731197554,0.5760084726880245
0.7312186978297159,0.4210838185362649,0.5789161814637351
0.7495826377295494,0.4182022812224574,0.5817977187775426
0.7679465776293819,0.4153464175869489,0.5846535824130511
0.7863105175292153,0.41251075121779596,0.5874892487822041
0.8046744574290479,0.4097092775066921,0.5902907224933078
0.8230383973288813,0.40692895794983114,0.5930710420501688
0.8414023372287147,0.40417216808837336,0.5958278319116266
0.8597662771285473,0.4014394075126229,0.5985605924873771
0.8781302170283807,0.39873029205100446,0.6012697079489955
0.8964941569282132,0.39604448890377475,0.6039555110962253
0.9148580968280466,0.3933816868610653,0.6066183131389347
0.9332220367278792,0.390741584205664,0.6092584157943359
0.9515859766277126,0.3881238860737383,0.6118761139262616
0.969949916527546,0.38552830382876524,0.6144716961712348
0.9883138564273786,0.3829545549007163,0.6170454450992837
1.006677796327212,0.38040236304177594,0.6195976369582241
1.0250417362270454,0.3778714600814181,0.6221285399185819
1.043405676126877,0.37536159359459326,0.6246384064054067
1.0617696160267105,0.37287254592603264,0.6271274540739673
1.080133555926544,0.3704038464783693,0.6295961535216307
1.0984974958263773,0.3679521872705524,0.6320478127294475
1.1168614357262108,0.36552611462303114,0.6344738853769689
1.1352253756260424,0.3631186370029827,0.6368813629970174
1.1535893155258758,0.3607296619416139,0.6392703380583862
1.1719532554257093,0.35836001151392854,0.6416399884860715
1.1903171953255427,0.3560094585756717,0.6439905414243283
1.2086811352253761,0.3536777716175933,0.6463222283824067
1.2270450751252078,0.3513647326558037,0.6486352673441963
1.2454090150250412,0.34907012960604794,0.6509298703939521
1.2637729549248746,0.3467937542360179,0.6532062457639821
1.282136894824708,0.34453540173148484,0.6554645982685152
1.3005008347245415,0.3422948706499005,0.6577051293500995
1.3188647746243731,0.34007196318607347,0.6599280368139265
1.3372287145242066,0.33786648648746,0.66213351351254
1.35559265442404,0.3356782573856754,0.6643217426143246
1.3739565943238734,0.33350710536857114,0.6664928946314288
1.392320534223705,0.33135261449803444,0.6686473855019656
1.4106844741235385,0.32921270554462645,0.6707872944553736
1.429048414023372,0.3270927190326612,0.6729072809673389
1.4474123539232053,0.32498913712811883,0.6750108628718812
1.4657762938230388,0.3229006236564851,0.6770993763435149
1.4841402337228704,0.32082804715592117,0.6791719528440788
1.5025041736227038,0.3187712949267181,0.6812287050732819
1.5208681135225373,0.31673019964690274,0.6832698003530973
1.5392320534223707,0.3147045998617336,0.6852954001382664
1.557595993322204,0.31269433769034194,0.6873056623096581
1.5759599332220358,0.3106992574930347,0.6893007425069653
1.5943238731218692,0.3087192055952917,0.6912807944047084
1.6126878130217026,0.30675403029647796,0.693245969703522
1.631051752921536,0.30480358209094155,0.6951964179090584
1.6494156928213695,0.3028677145573906,0.6971322854426094
1.667779632721201,0.30094628681740504,0.6990537131825949
1.6861435726210345,0.29903915728139746,0.7009608427186025
1.704507512520868,0.2971459720978442,0.7028540279021558
1.7228714524207014,0.29526537976917017,0.7047346202308298
1.7412353923205348,0.2934007758898058,0.7065992241101942
1.7595993322203665,0.2915506137733772,0.7084493862266228
1.7779632721202,0.28971306923561574,0.7102869307643842
1.7963272120200333,0.2878888936430217,0.7121111063569783
1.8146911519198667,0.2860780591741228,0.7139219408258772
1.8330550918196984,0.28428044372763683,0.7157195562723632
1.8514190317195318,0.2824959234287684,0.7175040765712316
1.8697829716193652,0.2807243761021926,0.7192756238978074
1.8881469115191987,0.2789656807964655,0.7210343192035344
1.906510851419032,0.27721971767515885,0.7227802823248412
1.9248747913188637,0.2754863680642765,0.7245136319357235
1.9432387312186972,0.27376551461803905,0.7262344853819609
1.9616026711185306,0.27205704184407314,0.7279429581559269
1.979966611018364,0.2703608369131145,0.7296391630868855
1.9983305509181974,0.26867677877720797,0.731323221222792
2.016694490818029,0.267004572743548,0.7329954272564521
2.0350584307178625,0.2653433142466265,0.7346566857533735
2.053422370617696,0.2636951931504289,0.7363048068495711
2.0717863105175294,0.2620597455787697,0.7379402544212303
2.090150250417363,0.2604350955059365,0.7395649044940635
2.1085141903171944,0.25882180078463096,0.741178199215369
2.126878130217028,0.25721989339825285,0.7427801066017472
2.1452420701168613,0.25562928544355296,0.7443707145564471
2.1636060100166947,0.2540498798421634,0.7459501201578367
2.181969949916528,0.2524815794996598,0.7475184205003402
2.20033388981636,0.2509242878034669,0.749075712196533
2.2186978297161932,0.24937790870303628,0.7506220912969637
2.2370617696160267,0.24784234679499106,0.7521576532050089
2.25542570951586,0.24631750743895267,0.7536824925610474
2.2737896494156917,0.24480329699313091,0.7551967030068691
2.292153589315525,0.24329962249985188,0.7567003775001482
2.3105175292153586,0.24180637907884203,0.7581936209211579
2.328881469115192,0.24032332406492188,0.7596766759350781
2.3472454090150254,0.23884983602216214,0.7611501639778379
2.365609348914857,0.2373873446288254,0.7626126553711746
2.3839732888146905,0.23593594740895418,0.7640640525910458
2.402337228714524,0.23449394264966408,0.7655060573503359
2.4207011686143574,0.23306167813513556,0.7669383218648644
2.439065108514191,0.2316392231145027,0.7683607768854973
2.4574290484140224,0.23022651656198787,0.7697734834380121
2.475792988313856,0.22882348154859175,0.7711765184514082
2.4941569282136893,0.22743003948167068,0.7725699605183294
2.5125208681135227,0.22604611164440883,0.7739538883555912
2.530884808013356,0.2246716194881047,0.7753283805118953
2.549248747913188,0.2233064847598637,0.7766935152401363
2.567612687813021,0.2219506295798216,0.7780493704201784
2.5859766277128546,0.22060397645972438,0.7793960235402756
2.604340567612688,0.21926644727649008,0.78073355272351
2.6227045075125197,0.21793795065296687,0.7820620493470332
2.641068447412353,0.21661828780325376,0.7833817121967462
2.6594323873121866,0.2153070216053103,0.7846929783946897
2.67779632721202,0.21400509555128386,0.7859949044487161
2.6961602671118534,0.21271286848182347,0.7872871315181765
2.714524207011685,0.21142890843300696,0.788571091566993
2.7328881469115185,0.2101533723855012,0.7898466276144989
2.751252086811352,0.20888634710588833,0.7911136528941116
2.7696160267111853,0.2076277929076732,0.7923722070923268
2.7879799666110188,0.20637764861543753,0.7936223513845625
2.8063439065108504,0.20513584980930505,0.794864150190695
2.824707846410684,0.20390233141205322,0.7960976685879468
2.8430717863105173,0.2026770282120384,0.7973229717879616
2.8614357262103507,0.20145987503994978,0.7985401249600502
2.879799666110184,0.2002508068204934,0.7997491931795067
2.8981636060100158,0.19904975843825354,0.8009502415617464
2.916527545909849,0.19785666330686494,0.8021433366931351
2.9348914858096826,0.19667144166046818,0.8033285583395318
2.953255425709516,0.19549393087873576,0.8045060691212642
2.9716193656093495,0.19432381678542676,0.8056761832145732
2.989983305509181,0.1931617279292021,0.8068382720707978
3.0083472454090145,0.19200811720721267,0.8079918827927873
3.026711185308848,0.19086184179974924,0.8091381582002508
3.0450751252086814,0.18972290479166626,0.8102770952083338
3.063439065108513,0.18859139426926674,0.8114086057307333
3.0818030050083465,0.18746728723842435,0.8125327127615757
3.10016694490818,0.1863505351731721,0.8136494648268279
3.1185308848080133,0.1852410848311853,0.8147589151688147
3.1368948247078468,0.18413888182551333,0.8158611181744867
3.1552587646076784,0.18304387138837666,0.8169561286116234
3.173622704507512,0.18195599860335793,0.8180440013966421
3.1919866444073453,0.1808752084441931,0.8191247915558069
3.2103505843071787,0.1798014455414735,0.8201985544585265
3.228714524207012,0.17873465256682913,0.8212653474331708
3.2470784641068438,0.17767475986038067,0.8223252401396193
3.265442404006677,0.17662163423898547,0.8233783657610145
3.2838063439065106,0.17557504536976307,0.8244249546302369
3.302170283806344,0.1745354153874863,0.8254645846125137
3.3205342237061775,0.17350320263865965,0.8264967973613404
3.338898163606009,0.17247753263020763,0.8275224673697924
3.3572621035058425,0.17145829671404897,0.828541703285951
3.375626043405676,0.17044557220249515,0.8295544277975049
3.3939899833055094,0.16943934865023438,0.8305606513497656
3.412353923205343,0.16843958784699015,0.8315604121530098
3.4307178631051745,0.16744624556501905,0.8325537544349809
3.449081803005008,0.16645927598237906,0.8335407240176209
3.4674457429048413,0.16547863268726282,0.8345213673127372
3.4858096828046747,0.1645042689705345,0.8354957310294655
3.5041736227045064,0.1635361378627913,0.8364638621372087
3.52253756260434,0.1625741918446573,0.8374258081553427
3.5409015025041732,0.16161838119528124,0.8383816188047187
3.5592654424040067,0.16066864508262202,0.839331354917378
3.57762938230384,0.15972487413528796,0.8402751258647121
3.5959933222036717,0.1587868963679121,0.8412131036320879
3.614357262103505,0.15785499716587278,0.8421450028341272
3.6327212020033386,0.15692959735058423,0.8430704026494158
3.651085141903172,0.1560100520139673,0.8439899479860327
3.6694490818030054,0.15509618063823358,0.8449038193617664
3.687813021702837,0.15418804188214413,0.8458119581178558
3.7061769616026705,0.15328563408122856,0.8467143659187715
3.724540901502504,0.1523889274814064,0.8476110725185936
3.7429048414023374,0.15149788524756386,0.8485021147524361
3.761268781302171,0.15061246854093804,0.849387531459062
3.7796327212020024,0.14973263775125303,0.850267362248747
3.797996661101836,0.14885835285236534,0.8511416471476346
3.8163606010016693,0.14798957344683758,0.8520104265531624
3.8347245409015027,0.14712625845251487,0.8528737415474852
3.8530884808013344,0.1462683645114918,0.8537316354885082
3.871452420701168,0.14541583850246834,0.8545841614975317
3.889816360601001,0.14456859027168711,0.8554314097283129
3.9081803005008346,0.14372648920565392,0.8562735107943461
3.926544240400668,0.14288972919130694,0.8571102708086931
3.9449081803004997,0.14205867625217752,0.8579413237478225
3.963272120200333,0.1412328714507612,0.8587671285492389
3.9816360601001666,0.14041209603307106,0.859587903966929
4.0,0.13959638601150393,0.8604036139884961
